{
  "cenario": "S1-none",
  "execucoes": 3,
  "operacoes": {
    "IncrementFailure": {
      "n": 228159,
      "media_ns": 1586712.7468125299,
      "p50_ns": 1400200,
      "p95_ns": 2209900,
      "p99_ns": 5857000,
      "p99_9_ns": null,
      "taxa_erro": 0.0
    },
    "Login": {
      "n": 569825,
      "media_ns": 580638.4472425744,
      "p50_ns": 474100,
      "p95_ns": 909500,
      "p99_ns": 2537200,
      "p99_9_ns": null,
      "taxa_erro": 0.0
    },
    "Logout": {
      "n": 227893,
      "media_ns": 510944.193985774,
      "p50_ns": 425600,
      "p95_ns": 816400,
      "p99_ns": 1867300,
      "p99_9_ns": null,
      "taxa_erro": 0.0
    },
    "ResetFailures": {
      "n": 113248,
      "media_ns": 1586489.1132735235,
      "p50_ns": 1399200,
      "p95_ns": 2226700,
      "p99_ns": 5786900,
      "p99_9_ns": null,
      "taxa_erro": 0.0
    },
    "Validate": {
      "n": 1139420,
      "media_ns": 511343.9052324867,
      "p50_ns": 425600,
      "p95_ns": 816800,
      "p99_ns": 1896600,
      "p99_9_ns": 9957900,
      "taxa_erro": 0.0
    }
  }
}
