{
  "cenario": "S1-none",
  "execucoes": 3,
  "operacoes": {
    "IncrementFailure": {
      "n": 516545,
      "media_ns": 839361.9423515861,
      "p50_ns": 762859,
      "p95_ns": 1142046,
      "p99_ns": 1639715,
      "p99_9_ns": null,
      "taxa_erro": 0.0
    },
    "Login": {
      "n": 1291332,
      "media_ns": 221041.30368177974,
      "p50_ns": 201213,
      "p95_ns": 383346,
      "p99_ns": 519807,
      "p99_9_ns": 2008007,
      "taxa_erro": 0.0
    },
    "Logout": {
      "n": 515486,
      "media_ns": 203931.9924789422,
      "p50_ns": 184401,
      "p95_ns": 363450,
      "p99_ns": 501406,
      "p99_9_ns": null,
      "taxa_erro": 0.0
    },
    "ResetFailures": {
      "n": 258252,
      "media_ns": 832600.5761891486,
      "p50_ns": 762659,
      "p95_ns": 1144216,
      "p99_ns": 1682420,
      "p99_9_ns": null,
      "taxa_erro": 0.0
    },
    "Validate": {
      "n": 2581966,
      "media_ns": 204305.20680675114,
      "p50_ns": 184274,
      "p95_ns": 363590,
      "p99_ns": 503561,
      "p99_9_ns": 1977977,
      "taxa_erro": 0.0
    }
  }
}
