{
  "cenario_a": "S2-none",
  "cenario_b": "S2-F1",
  "alfa": 0.05,
  "operacoes": {
    "IncrementFailure": {
      "n_a": 31115,
      "n_b": 27590,
      "p50_a_ns": 1494400,
      "p50_b_ns": 1671400,
      "delta_p50_ms": 0.177,
      "p95_a_ns": 2091600,
      "p95_b_ns": 2977800,
      "delta_p95_ms": 0.8862,
      "p99_a_ns": 5671000,
      "p99_b_ns": 11252800,
      "delta_p99_ms": 5.5818,
      "mann_whitney_u": 259770471.5,
      "p_value": 0.0,
      "significativo_a_5pct": true,
      "tamanho_efeito_aproximado": 0.34128776909120595
    },
    "Login": {
      "n_a": 93312,
      "n_b": 83318,
      "p50_a_ns": 472500,
      "p50_b_ns": 486900,
      "delta_p50_ms": 0.0144,
      "p95_a_ns": 757400,
      "p95_b_ns": 929200,
      "delta_p95_ms": 0.1718,
      "p99_a_ns": 1849000,
      "p99_b_ns": 2611200,
      "delta_p99_ms": 0.7622,
      "mann_whitney_u": 3519700355.0,
      "p_value": 9.386457915333706e-259,
      "significativo_a_5pct": true,
      "tamanho_efeito_aproximado": 0.08176052204915278
    },
    "Logout": {
      "n_a": 30899,
      "n_b": 27662,
      "p50_a_ns": 405600,
      "p50_b_ns": 414000,
      "delta_p50_ms": 0.0084,
      "p95_a_ns": 674300,
      "p95_b_ns": 804600,
      "delta_p95_ms": 0.1303,
      "p99_a_ns": 1702700,
      "p99_b_ns": 2484000,
      "delta_p99_ms": 0.7813,
      "mann_whitney_u": 401723201.0,
      "p_value": 3.752709738060612e-36,
      "significativo_a_5pct": true,
      "tamanho_efeito_aproximado": 0.051879663800911927
    },
    "Validate": {
      "n_a": 2961944,
      "n_b": 2632300,
      "p50_a_ns": 405100,
      "p50_b_ns": 414000,
      "delta_p50_ms": 0.0089,
      "p95_a_ns": 661800,
      "p95_b_ns": 805300,
      "delta_p95_ms": 0.1435,
      "p99_a_ns": 1660800,
      "p99_b_ns": 2222900,
      "delta_p99_ms": 0.5621,
      "mann_whitney_u": 3642071665441.0,
      "p_value": 0.0,
      "significativo_a_5pct": true,
      "tamanho_efeito_aproximado": 0.05683636612565231
    }
  }
}
