{
  "cenario_a": "S2-none",
  "cenario_b": "S2-F1",
  "alfa": 0.05,
  "operacoes": {
    "IncrementFailure": {
      "n_a": 77967,
      "n_b": 68627,
      "p50_a_ns": 822700,
      "p50_b_ns": 795305,
      "delta_p50_ms": -0.027395,
      "p95_a_ns": 1165448,
      "p95_b_ns": 1230588,
      "delta_p95_ms": 0.06514,
      "p99_a_ns": 1812936,
      "p99_b_ns": 2997675,
      "delta_p99_ms": 1.184739,
      "mann_whitney_u": 2900032718.5,
      "p_value": 5.094614524717921e-170,
      "significativo_a_5pct": true,
      "tamanho_efeito_aproximado": 0.07259327941658773
    },
    "Login": {
      "n_a": 233942,
      "n_b": 205899,
      "p50_a_ns": 206251,
      "p50_b_ns": 203090,
      "delta_p50_ms": -0.003161,
      "p95_a_ns": 362439,
      "p95_b_ns": 358772,
      "delta_p95_ms": -0.003667,
      "p99_a_ns": 482191,
      "p99_b_ns": 532718,
      "delta_p99_ms": 0.050527,
      "mann_whitney_u": 24691556020.0,
      "p_value": 2.3564831435853577e-47,
      "significativo_a_5pct": true,
      "tamanho_efeito_aproximado": 0.021794555300467786
    },
    "Logout": {
      "n_a": 78016,
      "n_b": 68223,
      "p50_a_ns": 165076,
      "p50_b_ns": 165574,
      "delta_p50_ms": 0.000498,
      "p95_a_ns": 317014,
      "p95_b_ns": 315751,
      "delta_p95_ms": -0.001263,
      "p99_a_ns": 420956,
      "p99_b_ns": 460685,
      "delta_p99_ms": 0.039729,
      "mann_whitney_u": 2658691503.0,
      "p_value": 0.7514101298023217,
      "significativo_a_5pct": false,
      "tamanho_efeito_aproximado": 0.000828374989346553
    },
    "Validate": {
      "n_a": 7412340,
      "n_b": 6515782,
      "p50_a_ns": 164815,
      "p50_b_ns": 164781,
      "delta_p50_ms": -3.4e-05,
      "p95_a_ns": 316409,
      "p95_b_ns": 317088,
      "delta_p95_ms": 0.000679,
      "p99_a_ns": 424605,
      "p99_b_ns": 466264,
      "delta_p99_ms": 0.041659,
      "mann_whitney_u": 24157206746077.0,
      "p_value": 0.2501027762462359,
      "significativo_a_5pct": false,
      "tamanho_efeito_aproximado": 0.0003081692063984324
    }
  }
}
