{
  "cenario": "S2-F1",
  "execucoes": 3,
  "operacoes": {
    "IncrementFailure": {
      "n": 27590,
      "media_ns": 6027708.394345777,
      "p50_ns": 1671400,
      "p95_ns": 2977800,
      "p99_ns": 11252800,
      "p99_9_ns": null,
      "taxa_erro": 0.0
    },
    "Login": {
      "n": 83318,
      "media_ns": 589107.6057994671,
      "p50_ns": 486900,
      "p95_ns": 929200,
      "p99_ns": 2611200,
      "p99_9_ns": null,
      "taxa_erro": 0.0
    },
    "Logout": {
      "n": 27662,
      "media_ns": 514620.9023208734,
      "p50_ns": 414000,
      "p95_ns": 804600,
      "p99_ns": 2484000,
      "p99_9_ns": null,
      "taxa_erro": 0.0
    },
    "Validate": {
      "n": 2632300,
      "media_ns": 508855.9600349504,
      "p50_ns": 414000,
      "p95_ns": 805300,
      "p99_ns": 2222900,
      "p99_9_ns": 10892900,
      "taxa_erro": 0.0
    }
  }
}
