{
  "cenario": "S2-F1",
  "execucoes": 3,
  "operacoes": {
    "IncrementFailure": {
      "n": 68627,
      "media_ns": 4281487.375275037,
      "p50_ns": 795305,
      "p95_ns": 1230588,
      "p99_ns": 2997675,
      "p99_9_ns": null,
      "taxa_erro": 0.0
    },
    "Login": {
      "n": 205899,
      "media_ns": 226338.32455232905,
      "p50_ns": 203090,
      "p95_ns": 358772,
      "p99_ns": 532718,
      "p99_9_ns": null,
      "taxa_erro": 0.0
    },
    "Logout": {
      "n": 68223,
      "media_ns": 184485.0270436656,
      "p50_ns": 165574,
      "p95_ns": 315751,
      "p99_ns": 460685,
      "p99_9_ns": null,
      "taxa_erro": 0.0
    },
    "Validate": {
      "n": 6515782,
      "media_ns": 185747.264824391,
      "p50_ns": 164781,
      "p95_ns": 317088,
      "p99_ns": 466264,
      "p99_9_ns": 2169479,
      "taxa_erro": 0.0
    }
  }
}
