{
  "cenario_a": "S1-none",
  "cenario_b": "S1-F3",
  "alfa": 0.05,
  "operacoes": {
    "IncrementFailure": {
      "n_a": 516545,
      "n_b": 20949,
      "p50_a_ns": 762859,
      "p50_b_ns": 1023604,
      "delta_p50_ms": 0.260745,
      "p95_a_ns": 1142046,
      "p95_b_ns": 81700825,
      "delta_p95_ms": 80.558779,
      "p99_a_ns": 1639715,
      "p99_b_ns": 109539153,
      "delta_p99_ms": 107.899438,
      "mann_whitney_u": 3046986197.0,
      "p_value": 0.0,
      "significativo_a_5pct": true,
      "tamanho_efeito_aproximado": 0.1464361526412572
    },
    "Login": {
      "n_a": 1291332,
      "n_b": 52105,
      "p50_a_ns": 201213,
      "p50_b_ns": 239330,
      "delta_p50_ms": 0.038117,
      "p95_a_ns": 383346,
      "p95_b_ns": 29395720,
      "delta_p95_ms": 29.012374,
      "p99_a_ns": 519807,
      "p99_b_ns": 44906409,
      "delta_p99_ms": 44.386602,
      "mann_whitney_u": 24283534771.0,
      "p_value": 0.0,
      "significativo_a_5pct": true,
      "tamanho_efeito_aproximado": 0.09303341060571782
    },
    "Logout": {
      "n_a": 515486,
      "n_b": 20813,
      "p50_a_ns": 184401,
      "p50_b_ns": 251982,
      "delta_p50_ms": 0.067581,
      "p95_a_ns": 363450,
      "p95_b_ns": 38109716,
      "delta_p95_ms": 37.746266,
      "p99_a_ns": 501406,
      "p99_b_ns": 51238895,
      "delta_p99_ms": 50.737489,
      "mann_whitney_u": 3295808144.0,
      "p_value": 0.0,
      "significativo_a_5pct": true,
      "tamanho_efeito_aproximado": 0.1289981030952036
    },
    "ResetFailures": {
      "n_a": 258252,
      "n_b": 10260,
      "p50_a_ns": 762659,
      "p50_b_ns": 1035422,
      "delta_p50_ms": 0.272763,
      "p95_a_ns": 1144216,
      "p95_b_ns": 82203981,
      "delta_p95_ms": 81.059765,
      "p99_a_ns": 1682420,
      "p99_b_ns": 107657903,
      "delta_p99_ms": 105.975483,
      "mann_whitney_u": 724642990.5,
      "p_value": 0.0,
      "significativo_a_5pct": true,
      "tamanho_efeito_aproximado": 0.15042470766549806
    },
    "Validate": {
      "n_a": 2581966,
      "n_b": 104233,
      "p50_a_ns": 184274,
      "p50_b_ns": 250841,
      "delta_p50_ms": 0.066567,
      "p95_a_ns": 363590,
      "p95_b_ns": 37536511,
      "delta_p95_ms": 37.172921,
      "p99_a_ns": 503561,
      "p99_b_ns": 50773608,
      "delta_p99_ms": 50.270047,
      "mann_whitney_u": 83349680260.5,
      "p_value": 0.0,
      "significativo_a_5pct": true,
      "tamanho_efeito_aproximado": 0.12730857952850527
    }
  }
}
