{
  "cenario": "S1-F3",
  "execucoes": 3,
  "operacoes": {
    "IncrementFailure": {
      "n": 20949,
      "media_ns": 16868820.308415677,
      "p50_ns": 1023604,
      "p95_ns": 81700825,
      "p99_ns": 109539153,
      "p99_9_ns": null,
      "taxa_erro": 0.0
    },
    "Login": {
      "n": 52105,
      "media_ns": 3424402.347509836,
      "p50_ns": 239330,
      "p95_ns": 29395720,
      "p99_ns": 44906409,
      "p99_9_ns": null,
      "taxa_erro": 0.0
    },
    "Logout": {
      "n": 20813,
      "media_ns": 7107389.247009081,
      "p50_ns": 251982,
      "p95_ns": 38109716,
      "p99_ns": 51238895,
      "p99_9_ns": null,
      "taxa_erro": 0.0
    },
    "ResetFailures": {
      "n": 10260,
      "media_ns": 17111376.845906433,
      "p50_ns": 1035422,
      "p95_ns": 82203981,
      "p99_ns": 107657903,
      "p99_9_ns": null,
      "taxa_erro": 0.0
    },
    "Validate": {
      "n": 104233,
      "media_ns": 6954306.139207353,
      "p50_ns": 250841,
      "p95_ns": 37536511,
      "p99_ns": 50773608,
      "p99_9_ns": null,
      "taxa_erro": 0.0
    }
  }
}
