{
  "cenario_a": "S1-sem-falha",
  "cenario_b": "S1-F1",
  "alfa": 0.05,
  "operacoes": {
    "Block": {
      "n_a": 35876,
      "n_b": 35876,
      "p50_a_ns": 1104217,
      "p50_b_ns": 1219821,
      "delta_p50_ms": 0.115604,
      "p95_a_ns": 2129005,
      "p95_b_ns": 3265726,
      "delta_p95_ms": 1.136721,
      "p99_a_ns": 2801619,
      "p99_b_ns": 4929789,
      "delta_p99_ms": 2.12817,
      "mann_whitney_u": 572988553.5,
      "p_value": 1.0925686092183631e-142,
      "significativo_a_5pct": true,
      "tamanho_efeito_aproximado": 0.09494633262424716
    },
    "IncrementFailure": {
      "n_a": 35521,
      "n_b": 35521,
      "p50_a_ns": 605384,
      "p50_b_ns": 738485,
      "delta_p50_ms": 0.133101,
      "p95_a_ns": 994052,
      "p95_b_ns": 1687740,
      "delta_p95_ms": 0.693688,
      "p99_a_ns": 1216536,
      "p99_b_ns": 2363190,
      "delta_p99_ms": 1.146654,
      "mann_whitney_u": 461571880.5,
      "p_value": 0.0,
      "significativo_a_5pct": true,
      "tamanho_efeito_aproximado": 0.23240270884911152
    },
    "Login": {
      "n_a": 35645,
      "n_b": 35645,
      "p50_a_ns": 1006718,
      "p50_b_ns": 1116327,
      "delta_p50_ms": 0.109609,
      "p95_a_ns": 1931352,
      "p95_b_ns": 2966346,
      "delta_p95_ms": 1.034994,
      "p99_a_ns": 2553494,
      "p99_b_ns": 4509534,
      "delta_p99_ms": 1.95604,
      "mann_whitney_u": 562986709.5,
      "p_value": 1.3180200729329674e-152,
      "significativo_a_5pct": true,
      "tamanho_efeito_aproximado": 0.09855449405294693
    },
    "Logout": {
      "n_a": 35719,
      "n_b": 35719,
      "p50_a_ns": 999115,
      "p50_b_ns": 1103705,
      "delta_p50_ms": 0.10459,
      "p95_a_ns": 1930788,
      "p95_b_ns": 2965045,
      "delta_p95_ms": 1.034257,
      "p99_a_ns": 2526025,
      "p99_b_ns": 4436966,
      "delta_p99_ms": 1.910941,
      "mann_whitney_u": 567530074.5,
      "p_value": 6.730439813587079e-144,
      "significativo_a_5pct": true,
      "tamanho_efeito_aproximado": 0.09556326588039478
    },
    "ResetFailures": {
      "n_a": 35908,
      "n_b": 35908,
      "p50_a_ns": 604390,
      "p50_b_ns": 736467,
      "delta_p50_ms": 0.132077,
      "p95_a_ns": 996423,
      "p95_b_ns": 1694456,
      "delta_p95_ms": 0.698033,
      "p99_a_ns": 1229116,
      "p99_b_ns": 2404059,
      "delta_p99_ms": 1.174943,
      "mann_whitney_u": 473285517.5,
      "p_value": 0.0,
      "significativo_a_5pct": true,
      "tamanho_efeito_aproximado": 0.23025178261291335
    },
    "Unblock": {
      "n_a": 35558,
      "n_b": 35558,
      "p50_a_ns": 1102553,
      "p50_b_ns": 1217065,
      "delta_p50_ms": 0.114512,
      "p95_a_ns": 2133138,
      "p95_b_ns": 3275240,
      "delta_p95_ms": 1.142102,
      "p99_a_ns": 2822951,
      "p99_b_ns": 4986202,
      "delta_p99_ms": 2.163251,
      "mann_whitney_u": 563747252.5,
      "p_value": 5.883364280242943e-138,
      "significativo_a_5pct": true,
      "tamanho_efeito_aproximado": 0.09375252164767409
    },
    "Validate": {
      "n_a": 35773,
      "n_b": 35773,
      "p50_a_ns": 495296,
      "p50_b_ns": 603909,
      "delta_p50_ms": 0.108613,
      "p95_a_ns": 812841,
      "p95_b_ns": 1378922,
      "delta_p95_ms": 0.566081,
      "p99_a_ns": 1011412,
      "p99_b_ns": 1984922,
      "delta_p99_ms": 0.97351,
      "mann_whitney_u": 470651380.5,
      "p_value": 0.0,
      "significativo_a_5pct": true,
      "tamanho_efeito_aproximado": 0.2290094190486308
    }
  }
}
