{
  "cenario": "S1-F1",
  "execucoes": 5,
  "operacoes": {
    "Block": {
      "n": 35876,
      "media_ns": 1458269.8194893522,
      "p50_ns": 1219821,
      "p95_ns": 3265726,
      "p99_ns": 4929789,
      "p99_9_ns": null,
      "taxa_erro": 0.009532835321663508
    },
    "IncrementFailure": {
      "n": 35521,
      "media_ns": 840596.5723374905,
      "p50_ns": 738485,
      "p95_ns": 1687740,
      "p99_ns": 2363190,
      "p99_9_ns": null,
      "taxa_erro": 0.009656259677373947
    },
    "Login": {
      "n": 35645,
      "media_ns": 1329510.029597419,
      "p50_ns": 1116327,
      "p95_ns": 2966346,
      "p99_ns": 4509534,
      "p99_9_ns": null,
      "taxa_erro": 0.010211810913171552
    },
    "Logout": {
      "n": 35719,
      "media_ns": 1321124.2584338868,
      "p50_ns": 1103705,
      "p95_ns": 2965045,
      "p99_ns": 4436966,
      "p99_9_ns": null,
      "taxa_erro": 0.010358632660488816
    },
    "ResetFailures": {
      "n": 35908,
      "media_ns": 840034.6513868775,
      "p50_ns": 736467,
      "p95_ns": 1694456,
      "p99_ns": 2404059,
      "p99_9_ns": null,
      "taxa_erro": 0.010164865768073968
    },
    "Unblock": {
      "n": 35558,
      "media_ns": 1462542.6209854323,
      "p50_ns": 1217065,
      "p95_ns": 3275240,
      "p99_ns": 4986202,
      "p99_9_ns": null,
      "taxa_erro": 0.01040553461949491
    },
    "Validate": {
      "n": 35773,
      "media_ns": 685037.3706147094,
      "p50_ns": 603909,
      "p95_ns": 1378922,
      "p99_ns": 1984922,
      "p99_9_ns": null,
      "taxa_erro": 0.010342996114387945
    }
  }
}
