{
  "cenario_a": "S1-none",
  "cenario_b": "S1-F1",
  "alfa": 0.05,
  "operacoes": {
    "IncrementFailure": {
      "n_a": 228159,
      "n_b": 194106,
      "p50_a_ns": 1400200,
      "p50_b_ns": 1438800,
      "delta_p50_ms": 0.0386,
      "p95_a_ns": 2209900,
      "p95_b_ns": 2669600,
      "delta_p95_ms": 0.4597,
      "p99_a_ns": 5857000,
      "p99_b_ns": 7823900,
      "delta_p99_ms": 1.9669,
      "mann_whitney_u": 20162506536.0,
      "p_value": 0.0,
      "significativo_a_5pct": true,
      "tamanho_efeito_aproximado": 0.07722415507120754
    },
    "Login": {
      "n_a": 569825,
      "n_b": 486783,
      "p50_a_ns": 474100,
      "p50_b_ns": 480600,
      "delta_p50_ms": 0.0065,
      "p95_a_ns": 909500,
      "p95_b_ns": 996500,
      "delta_p95_ms": 0.087,
      "p99_a_ns": 2537200,
      "p99_b_ns": 3196000,
      "delta_p99_ms": 0.6588,
      "mann_whitney_u": 133572458217.0,
      "p_value": 3.0909043962973706e-235,
      "significativo_a_5pct": true,
      "tamanho_efeito_aproximado": 0.03186009867336985
    },
    "Logout": {
      "n_a": 227893,
      "n_b": 194791,
      "p50_a_ns": 425600,
      "p50_b_ns": 445900,
      "delta_p50_ms": 0.0203,
      "p95_a_ns": 816400,
      "p95_b_ns": 952200,
      "delta_p95_ms": 0.1358,
      "p99_a_ns": 1867300,
      "p99_b_ns": 2984700,
      "delta_p99_ms": 1.1174,
      "mann_whitney_u": 19488337951.5,
      "p_value": 0.0,
      "significativo_a_5pct": true,
      "tamanho_efeito_aproximado": 0.10531231308223946
    },
    "ResetFailures": {
      "n_a": 113248,
      "n_b": 97443,
      "p50_a_ns": 1399200,
      "p50_b_ns": 1438500,
      "delta_p50_ms": 0.0393,
      "p95_a_ns": 2226700,
      "p95_b_ns": 2654500,
      "delta_p95_ms": 0.4278,
      "p99_a_ns": 5786900,
      "p99_b_ns": 7823100,
      "delta_p99_ms": 2.0362,
      "mann_whitney_u": 5016202188.5,
      "p_value": 3.77000245538215e-284,
      "significativo_a_5pct": true,
      "tamanho_efeito_aproximado": 0.07847769097512883
    },
    "Validate": {
      "n_a": 1139420,
      "n_b": 970372,
      "p50_a_ns": 425600,
      "p50_b_ns": 446000,
      "delta_p50_ms": 0.0204,
      "p95_a_ns": 816800,
      "p95_b_ns": 955500,
      "delta_p95_ms": 0.1387,
      "p99_a_ns": 1896600,
      "p99_b_ns": 3073000,
      "delta_p99_ms": 1.1764,
      "mann_whitney_u": 484893797395.0,
      "p_value": 0.0,
      "significativo_a_5pct": true,
      "tamanho_efeito_aproximado": 0.10608284052461238
    }
  }
}
