{
  "cenario_a": "S1-none",
  "cenario_b": "S1-F1",
  "alfa": 0.05,
  "operacoes": {
    "IncrementFailure": {
      "n_a": 516545,
      "n_b": 454181,
      "p50_a_ns": 762859,
      "p50_b_ns": 751121,
      "delta_p50_ms": -0.011738,
      "p95_a_ns": 1142046,
      "p95_b_ns": 1163478,
      "delta_p95_ms": 0.021432,
      "p99_a_ns": 1639715,
      "p99_b_ns": 2295809,
      "delta_p99_ms": 0.656094,
      "mann_whitney_u": 120730278641.0,
      "p_value": 1.1558522453752015e-136,
      "significativo_a_5pct": true,
      "tamanho_efeito_aproximado": 0.02525472926736833
    },
    "Login": {
      "n_a": 1291332,
      "n_b": 1133741,
      "p50_a_ns": 201213,
      "p50_b_ns": 202514,
      "delta_p50_ms": 0.001301,
      "p95_a_ns": 383346,
      "p95_b_ns": 387013,
      "delta_p95_ms": 0.003667,
      "p99_a_ns": 519807,
      "p99_b_ns": 567772,
      "delta_p99_ms": 0.047965,
      "mann_whitney_u": 723934177172.0,
      "p_value": 5.838108334484017e-50,
      "significativo_a_5pct": true,
      "tamanho_efeito_aproximado": 0.009543496258947633
    },
    "Logout": {
      "n_a": 515486,
      "n_b": 455666,
      "p50_a_ns": 184401,
      "p50_b_ns": 187583,
      "delta_p50_ms": 0.003182,
      "p95_a_ns": 363450,
      "p95_b_ns": 371209,
      "delta_p95_ms": 0.007759,
      "p99_a_ns": 501406,
      "p99_b_ns": 555337,
      "delta_p99_ms": 0.053931,
      "mann_whitney_u": 114625132048.5,
      "p_value": 5.963254891673861e-93,
      "significativo_a_5pct": true,
      "tamanho_efeito_aproximado": 0.020751876306027026
    },
    "ResetFailures": {
      "n_a": 258252,
      "n_b": 226529,
      "p50_a_ns": 762659,
      "p50_b_ns": 751753,
      "delta_p50_ms": -0.010906,
      "p95_a_ns": 1144216,
      "p95_b_ns": 1162701,
      "delta_p95_ms": 0.018485,
      "p99_a_ns": 1682420,
      "p99_b_ns": 2241453,
      "delta_p99_ms": 0.559033,
      "mann_whitney_u": 30093141105.0,
      "p_value": 2.929248368411045e-67,
      "significativo_a_5pct": true,
      "tamanho_efeito_aproximado": 0.024886123724085545
    },
    "Validate": {
      "n_a": 2581966,
      "n_b": 2272898,
      "p50_a_ns": 184274,
      "p50_b_ns": 187050,
      "delta_p50_ms": 0.002776,
      "p95_a_ns": 363590,
      "p95_b_ns": 369416,
      "delta_p95_ms": 0.005826,
      "p99_a_ns": 503561,
      "p99_b_ns": 552983,
      "delta_p99_ms": 0.049422,
      "mann_whitney_u": 2873001946036.5,
      "p_value": 0.0,
      "significativo_a_5pct": true,
      "tamanho_efeito_aproximado": 0.018046847600089833
    }
  }
}
