{
  "cenario": "S1-F1",
  "execucoes": 3,
  "operacoes": {
    "IncrementFailure": {
      "n": 194106,
      "media_ns": 2029613.0114473535,
      "p50_ns": 1438800,
      "p95_ns": 2669600,
      "p99_ns": 7823900,
      "p99_9_ns": null,
      "taxa_erro": 0.0
    },
    "Login": {
      "n": 486783,
      "media_ns": 619120.0325401668,
      "p50_ns": 480600,
      "p95_ns": 996500,
      "p99_ns": 3196000,
      "p99_9_ns": null,
      "taxa_erro": 0.0
    },
    "Logout": {
      "n": 194791,
      "media_ns": 578141.7206133753,
      "p50_ns": 445900,
      "p95_ns": 952200,
      "p99_ns": 2984700,
      "p99_9_ns": null,
      "taxa_erro": 0.0
    },
    "ResetFailures": {
      "n": 97443,
      "media_ns": 2050170.4124462507,
      "p50_ns": 1438500,
      "p95_ns": 2654500,
      "p99_ns": 7823100,
      "p99_9_ns": null,
      "taxa_erro": 0.0
    },
    "Validate": {
      "n": 970372,
      "media_ns": 582605.7475895842,
      "p50_ns": 446000,
      "p95_ns": 955500,
      "p99_ns": 3073000,
      "p99_9_ns": null,
      "taxa_erro": 0.0
    }
  }
}
