{
  "cenario": "S1-F1",
  "execucoes": 3,
  "operacoes": {
    "IncrementFailure": {
      "n": 454181,
      "media_ns": 1097880.6117715184,
      "p50_ns": 751121,
      "p95_ns": 1163478,
      "p99_ns": 2295809,
      "p99_9_ns": null,
      "taxa_erro": 0.0
    },
    "Login": {
      "n": 1133741,
      "media_ns": 226300.6245068318,
      "p50_ns": 202514,
      "p95_ns": 387013,
      "p99_ns": 567772,
      "p99_9_ns": 2690684,
      "taxa_erro": 0.0
    },
    "Logout": {
      "n": 455666,
      "media_ns": 211360.89195814478,
      "p50_ns": 187583,
      "p95_ns": 371209,
      "p99_ns": 555337,
      "p99_9_ns": null,
      "taxa_erro": 0.0
    },
    "ResetFailures": {
      "n": 226529,
      "media_ns": 1029603.9164610271,
      "p50_ns": 751753,
      "p95_ns": 1162701,
      "p99_ns": 2241453,
      "p99_9_ns": null,
      "taxa_erro": 0.0
    },
    "Validate": {
      "n": 2272898,
      "media_ns": 211624.2258746323,
      "p50_ns": 187050,
      "p95_ns": 369416,
      "p99_ns": 552983,
      "p99_9_ns": 2621676,
      "taxa_erro": 0.0
    }
  }
}
