{
  "cenario_a": "S1-sem-falha",
  "cenario_b": "S1-F3",
  "alfa": 0.05,
  "operacoes": {
    "Block": {
      "n_a": 35876,
      "n_b": 35876,
      "p50_a_ns": 1104217,
      "p50_b_ns": 1103502,
      "delta_p50_ms": -0.000715,
      "p95_a_ns": 2129005,
      "p95_b_ns": 3481265,
      "delta_p95_ms": 1.35226,
      "p99_a_ns": 2801619,
      "p99_b_ns": 5628515,
      "delta_p99_ms": 2.826896,
      "mann_whitney_u": 644378905.5,
      "p_value": 0.7633619527587316,
      "significativo_a_5pct": false,
      "tamanho_efeito_aproximado": 0.001123955600546579
    },
    "IncrementFailure": {
      "n_a": 35521,
      "n_b": 35521,
      "p50_a_ns": 605384,
      "p50_b_ns": 738019,
      "delta_p50_ms": 0.132635,
      "p95_a_ns": 994052,
      "p95_b_ns": 1989868,
      "delta_p95_ms": 0.995816,
      "p99_a_ns": 1216536,
      "p99_b_ns": 2980273,
      "delta_p99_ms": 1.763737,
      "mann_whitney_u": 483270130.0,
      "p_value": 0.0,
      "significativo_a_5pct": true,
      "tamanho_efeito_aproximado": 0.20261672826540592
    },
    "Login": {
      "n_a": 35645,
      "n_b": 35645,
      "p50_a_ns": 1006718,
      "p50_b_ns": 1011787,
      "delta_p50_ms": 0.005069,
      "p95_a_ns": 1931352,
      "p95_b_ns": 3164155,
      "delta_p95_ms": 1.232803,
      "p99_a_ns": 2553494,
      "p99_b_ns": 5158055,
      "delta_p99_ms": 2.604561,
      "mann_whitney_u": 632414298.5,
      "p_value": 0.2964171802486386,
      "significativo_a_5pct": false,
      "tamanho_efeito_aproximado": 0.003910637821308865
    },
    "Logout": {
      "n_a": 35719,
      "n_b": 35719,
      "p50_a_ns": 999115,
      "p50_b_ns": 998453,
      "delta_p50_ms": -0.000662,
      "p95_a_ns": 1930788,
      "p95_b_ns": 3162536,
      "delta_p95_ms": 1.231748,
      "p99_a_ns": 2526025,
      "p99_b_ns": 5061346,
      "delta_p99_ms": 2.535321,
      "mann_whitney_u": 638225339.5,
      "p_value": 0.9127833345100949,
      "significativo_a_5pct": false,
      "tamanho_efeito_aproximado": 0.0004097916767287846
    },
    "ResetFailures": {
      "n_a": 35908,
      "n_b": 35908,
      "p50_a_ns": 604390,
      "p50_b_ns": 735599,
      "delta_p50_ms": 0.131209,
      "p95_a_ns": 996423,
      "p95_b_ns": 1999374,
      "delta_p95_ms": 1.002951,
      "p99_a_ns": 1229116,
      "p99_b_ns": 3042228,
      "delta_p99_ms": 1.813112,
      "mann_whitney_u": 495658837.0,
      "p_value": 0.0,
      "significativo_a_5pct": true,
      "tamanho_efeito_aproximado": 0.2001975533321622
    },
    "Unblock": {
      "n_a": 35558,
      "n_b": 35558,
      "p50_a_ns": 1102553,
      "p50_b_ns": 1100593,
      "delta_p50_ms": -0.00196,
      "p95_a_ns": 2133138,
      "p95_b_ns": 3493100,
      "delta_p95_ms": 1.359962,
      "p99_a_ns": 2822951,
      "p99_b_ns": 5703730,
      "delta_p99_ms": 2.880779,
      "mann_whitney_u": 633575200.0,
      "p_value": 0.6117265196205939,
      "significativo_a_5pct": false,
      "tamanho_efeito_aproximado": 0.0019034746607508402
    },
    "Validate": {
      "n_a": 35773,
      "n_b": 35773,
      "p50_a_ns": 495296,
      "p50_b_ns": 602864,
      "delta_p50_ms": 0.107568,
      "p95_a_ns": 812841,
      "p95_b_ns": 1915202,
      "delta_p95_ms": 1.102361,
      "p99_a_ns": 1011412,
      "p99_b_ns": 3189333,
      "delta_p99_ms": 2.177921,
      "mann_whitney_u": 511265625.0,
      "p_value": 0.0,
      "significativo_a_5pct": true,
      "tamanho_efeito_aproximado": 0.17403948116617138
    }
  }
}
