{
  "cenario": "S1-F3",
  "execucoes": 5,
  "operacoes": {
    "Block": {
      "n": 35876,
      "media_ns": 1407353.534507749,
      "p50_ns": 1103502,
      "p95_ns": 3481265,
      "p99_ns": 5628515,
      "p99_9_ns": null,
      "taxa_erro": 0.009532835321663508
    },
    "IncrementFailure": {
      "n": 35521,
      "media_ns": 888266.7639424566,
      "p50_ns": 738019,
      "p95_ns": 1989868,
      "p99_ns": 2980273,
      "p99_9_ns": null,
      "taxa_erro": 0.009656259677373947
    },
    "Login": {
      "n": 35645,
      "media_ns": 1284694.6571188106,
      "p50_ns": 1011787,
      "p95_ns": 3164155,
      "p99_ns": 5158055,
      "p99_9_ns": null,
      "taxa_erro": 0.010211810913171552
    },
    "Logout": {
      "n": 35719,
      "media_ns": 1275256.9333967916,
      "p50_ns": 998453,
      "p95_ns": 3162536,
      "p99_ns": 5061346,
      "p99_9_ns": null,
      "taxa_erro": 0.010358632660488816
    },
    "ResetFailures": {
      "n": 35908,
      "media_ns": 888323.7358527348,
      "p50_ns": 735599,
      "p95_ns": 1999374,
      "p99_ns": 3042228,
      "p99_9_ns": null,
      "taxa_erro": 0.010164865768073968
    },
    "Unblock": {
      "n": 35558,
      "media_ns": 1412847.6245570616,
      "p50_ns": 1100593,
      "p95_ns": 3493100,
      "p99_ns": 5703730,
      "p99_9_ns": null,
      "taxa_erro": 0.01040553461949491
    },
    "Validate": {
      "n": 35773,
      "media_ns": 771800.078970173,
      "p50_ns": 602864,
      "p95_ns": 1915202,
      "p99_ns": 3189333,
      "p99_9_ns": null,
      "taxa_erro": 0.010342996114387945
    }
  }
}
