{
  "cenario": "S2-none",
  "execucoes": 3,
  "operacoes": {
    "IncrementFailure": {
      "n": 31115,
      "media_ns": 3419585.2064920454,
      "p50_ns": 1494400,
      "p95_ns": 2091600,
      "p99_ns": 5671000,
      "p99_9_ns": null,
      "taxa_erro": 0.0
    },
    "Login": {
      "n": 93312,
      "media_ns": 541897.8598679699,
      "p50_ns": 472500,
      "p95_ns": 757400,
      "p99_ns": 1849000,
      "p99_9_ns": null,
      "taxa_erro": 0.0
    },
    "Logout": {
      "n": 30899,
      "media_ns": 479263.8823262889,
      "p50_ns": 405600,
      "p95_ns": 674300,
      "p99_ns": 1702700,
      "p99_9_ns": null,
      "taxa_erro": 0.0
    },
    "Validate": {
      "n": 2961944,
      "media_ns": 470910.6847394819,
      "p50_ns": 405100,
      "p95_ns": 661800,
      "p99_ns": 1660800,
      "p99_9_ns": 9373500,
      "taxa_erro": 0.0
    }
  }
}
