{
  "cenario": "S2-none",
  "execucoes": 3,
  "operacoes": {
    "IncrementFailure": {
      "n": 77967,
      "media_ns": 1984397.7595008144,
      "p50_ns": 822700,
      "p95_ns": 1165448,
      "p99_ns": 1812936,
      "p99_9_ns": null,
      "taxa_erro": 0.0
    },
    "Login": {
      "n": 233942,
      "media_ns": 225816.08420035735,
      "p50_ns": 206251,
      "p95_ns": 362439,
      "p99_ns": 482191,
      "p99_9_ns": null,
      "taxa_erro": 0.0
    },
    "Logout": {
      "n": 78016,
      "media_ns": 180571.60673451598,
      "p50_ns": 165076,
      "p95_ns": 317014,
      "p99_ns": 420956,
      "p99_9_ns": null,
      "taxa_erro": 0.0
    },
    "Validate": {
      "n": 7412340,
      "media_ns": 180709.05175032446,
      "p50_ns": 164815,
      "p95_ns": 316409,
      "p99_ns": 424605,
      "p99_9_ns": 1528765,
      "taxa_erro": 0.0
    }
  }
}
