{
  "cenario_a": "S2-none",
  "cenario_b": "S2-F3",
  "alfa": 0.05,
  "operacoes": {
    "IncrementFailure": {
      "n_a": 77967,
      "n_b": 2109,
      "p50_a_ns": 822700,
      "p50_b_ns": 2029094,
      "delta_p50_ms": 1.206394,
      "p95_a_ns": 1165448,
      "p95_b_ns": 99820663,
      "delta_p95_ms": 98.655215,
      "p99_a_ns": 1812936,
      "p99_b_ns": 1277762078,
      "delta_p99_ms": 1275.949142,
      "mann_whitney_u": 28531515.0,
      "p_value": 0.0,
      "significativo_a_5pct": true,
      "tamanho_efeito_aproximado": 0.1811099288309719
    },
    "Login": {
      "n_a": 233942,
      "n_b": 6534,
      "p50_a_ns": 206251,
      "p50_b_ns": 305521,
      "delta_p50_ms": 0.09927,
      "p95_a_ns": 362439,
      "p95_b_ns": 38154357,
      "delta_p95_ms": 37.791918,
      "p99_a_ns": 482191,
      "p99_b_ns": 51282677,
      "delta_p99_ms": 50.800486,
      "mann_whitney_u": 377927848.5,
      "p_value": 0.0,
      "significativo_a_5pct": true,
      "tamanho_efeito_aproximado": 0.1423531959348752
    },
    "Logout": {
      "n_a": 78016,
      "n_b": 2106,
      "p50_a_ns": 165076,
      "p50_b_ns": 245907,
      "delta_p50_ms": 0.080831,
      "p95_a_ns": 317014,
      "p95_b_ns": 39413687,
      "delta_p95_ms": 39.096673,
      "p99_a_ns": 420956,
      "p99_b_ns": 52758695,
      "delta_p99_ms": 52.337739,
      "mann_whitney_u": 45435397.5,
      "p_value": 3.3669428576989346e-269,
      "significativo_a_5pct": true,
      "tamanho_efeito_aproximado": 0.12384086289294002
    },
    "Validate": {
      "n_a": 7412340,
      "n_b": 202845,
      "p50_a_ns": 164815,
      "p50_b_ns": 248639,
      "delta_p50_ms": 0.083824,
      "p95_a_ns": 316409,
      "p95_b_ns": 38339556,
      "delta_p95_ms": 38.023147,
      "p99_a_ns": 424605,
      "p99_b_ns": 51515117,
      "delta_p99_ms": 51.090512,
      "mann_whitney_u": 410019464259.0,
      "p_value": 0.0,
      "significativo_a_5pct": true,
      "tamanho_efeito_aproximado": 0.12678554886865714
    }
  }
}
