{
  "cenario": "S2-F3",
  "execucoes": 3,
  "operacoes": {
    "IncrementFailure": {
      "n": 2109,
      "media_ns": 47349955.425794214,
      "p50_ns": 2029094,
      "p95_ns": 99820663,
      "p99_ns": 1277762078,
      "p99_9_ns": null,
      "taxa_erro": 0.0
    },
    "Login": {
      "n": 6534,
      "media_ns": 6913837.012855831,
      "p50_ns": 305521,
      "p95_ns": 38154357,
      "p99_ns": 51282677,
      "p99_9_ns": null,
      "taxa_erro": 0.0
    },
    "Logout": {
      "n": 2106,
      "media_ns": 7381994.324786325,
      "p50_ns": 245907,
      "p95_ns": 39413687,
      "p99_ns": 52758695,
      "p99_9_ns": null,
      "taxa_erro": 0.0
    },
    "Validate": {
      "n": 202845,
      "media_ns": 6986583.210357662,
      "p50_ns": 248639,
      "p95_ns": 38339556,
      "p99_ns": 51515117,
      "p99_9_ns": null,
      "taxa_erro": 0.0
    }
  }
}
