{
  "cenario": "S1-sem-falha",
  "execucoes": 5,
  "operacoes": {
    "Block": {
      "n": 35876,
      "media_ns": 1195184.827517003,
      "p50_ns": 1104217,
      "p95_ns": 2129005,
      "p99_ns": 2801619,
      "p99_9_ns": null,
      "taxa_erro": 0.009532835321663508
    },
    "IncrementFailure": {
      "n": 35521,
      "media_ns": 635031.1011514316,
      "p50_ns": 605384,
      "p95_ns": 994052,
      "p99_ns": 1216536,
      "p99_9_ns": null,
      "taxa_erro": 0.009656259677373947
    },
    "Login": {
      "n": 35645,
      "media_ns": 1086955.4302987796,
      "p50_ns": 1006718,
      "p95_ns": 1931352,
      "p99_ns": 2553494,
      "p99_9_ns": null,
      "taxa_erro": 0.010211810913171552
    },
    "Logout": {
      "n": 35719,
      "media_ns": 1082323.1541196562,
      "p50_ns": 999115,
      "p95_ns": 1930788,
      "p99_ns": 2526025,
      "p99_9_ns": null,
      "taxa_erro": 0.010358632660488816
    },
    "ResetFailures": {
      "n": 35908,
      "media_ns": 634326.1891222012,
      "p50_ns": 604390,
      "p95_ns": 996423,
      "p99_ns": 1229116,
      "p99_9_ns": null,
      "taxa_erro": 0.010164865768073968
    },
    "Unblock": {
      "n": 35558,
      "media_ns": 1196850.927779965,
      "p50_ns": 1102553,
      "p95_ns": 2133138,
      "p99_ns": 2822951,
      "p99_9_ns": null,
      "taxa_erro": 0.01040553461949491
    },
    "Validate": {
      "n": 35773,
      "media_ns": 518357.695133201,
      "p50_ns": 495296,
      "p95_ns": 812841,
      "p99_ns": 1011412,
      "p99_9_ns": null,
      "taxa_erro": 0.010342996114387945
    }
  }
}
